segment,rubric,dimension,score,confidence,anchor_matched,scorer_notes
before,playground,narrative,0,high,No experiential context — generic space with no immersive framing; pure utility setup,"The session is an empty classroom recording with no children or teacher present. The space shows standard early-childhood classroom organization (cushions, shelves, educational posters) but no thematic or narrative framing that would place a child inside a deliberate setting."
before,playground,multi_sensory,insufficient_evidence,low,,"The recording shows only an empty classroom with no children or teacher present and no activity taking place. The session is described as a morning circle time activity, but no actual engagement, materials in use, or sensory interactions are observable. The visual observations describe the room setup (yellow cushions, shelves with books, educational posters) but no active multi-sensory engagement can be assessed from a static, empty room. Insufficient evidence to score this dimension."
before,playground,boundary,1.0,high,"At least one clear, unambiguous activity boundary — a canvas, paper, mat, rug, table, low fence, or similar marker visually defines the zone. A single well-defined zone is sufficient for this score.","No children or teacher present during the recording; however, the physical setup is fully observable and provides sufficient evidence to score the boundary dimension. The rug with semi-circle cushion arrangement is a classic, unambiguous circle-time boundary."
before,playground,movement,1.0,high,Both elements are present — children can clearly access the activity zone (visible path markers not required; minor adult presence in the path is acceptable as long as children get past) AND deliberat,"No children or adults are present in the recording; scoring is based entirely on the physical setup. The semi-circle of yellow cushions on a rug clearly designates the circle time area with appropriate seated positioning, and the open, organized room layout provides unobstructed access."
before,playground,clean_up,0.5,low,"Some materials can be returned by children, others require adult help (mixed system; partial labelling; some items reachable, some not)","The session is an empty classroom with no children or cleanup activity observed. Evidence is limited to static visual descriptions of the room. Shelves appear child-height and organized, but no detail on visual labelling of return locations is provided. A score of 0.5 reflects partial evidence of good design (low shelves, organized layout) without confirmation of child-readable labels or full child-independence in cleanup."
before,toy_design,purpose,0.5,medium,Some cues to purpose are present but the arrangement is mixed or partially staged; intent is unclear in parts,"The semi-circle cushion arrangement is a recognizable convention for circle time, providing a partial cue. However, no activity-specific materials (e.g., a book, puppets, instruments) are staged at the circle area to communicate the specific nature of the activity. The setup communicates 'sit here together' but not clearly 'here is what we will do,' warranting a 0.5 score."
before,toy_design,anchor_and_choice_materials,insufficient_evidence,low,,"The session recording shows only an empty classroom with no children present and no active play-space setup observable. The transcript is empty. While yellow cushions arranged in a semi-circle and shelves with books/materials are visible, no anchor material or choice materials are actively set up or in use for the described circle time activity. There is insufficient evidence to score this dimension reliably."
before,toy_design,spark_curiosity,0,high,Activity area is purely functional with no curiosity hook — children would not have any 'what's that?' moment from what is at the activity itself,"The classroom is empty throughout the entire recording with no activity in progress. The designated circle-time area (yellow cushions on rug) is visible but contains only standard, familiar materials. No curiosity hook is present at the activity zone. Wall art and shelf materials are excluded per rubric rules."
before,toy_design,challenge_adjustment,insufficient_evidence,low,,"The session recording shows only an empty classroom with no children or teacher present, and the transcript contains no dialogue. While shelves with books and learning materials are visible, the camera angles and descriptions do not provide sufficient detail to determine whether multiple difficulty levels, tiered materials, or deliberate challenge variations are present in the setup. No activity is underway and no specific materials can be assessed for difficulty variation."
before,toy_design,self_served,insufficient_evidence,low,,"The recording shows only an empty classroom with no children or active materials in use. While yellow cushions arranged in a semi-circle are visible, no specific activity materials for the morning circle time activity are observable in sufficient detail to assess safety, recognisability, weight, or sizing for child hands. No children or teacher interactions are present to provide any additional signal. Cannot reliably score this dimension from the available evidence."
after,playground,narrative,0,high,No experiential context — generic space with no immersive framing; pure utility setup,
after,playground,multi_sensory,1.0,high,Two or more senses are meaningfully engaged through deliberate material and arrangement choices,"The activity meaningfully engages at least two senses: auditory (rhythmic chanting/song) and proprioceptive/kinesthetic (whole-body mime gestures for forming, peeling, chopping, eating). The classroom also contains a play tunnel and cushions visible in the visual observations, and the teacher references a trampoline, further confirming multi-sensory design intent. No tactile materials or visual variety beyond the room setup are evident, but auditory + movement alone is sufficient for a 1.0 score."
after,playground,boundary,1.0,high,"At least one clear, unambiguous activity boundary — a canvas, paper, mat, rug, table, low fence, or similar marker visually defines the zone. A single well-defined zone is sufficient for this score.","The yellow cushions clearly define the circle-time zone. Multiple children independently navigate to and from the cushion area without needing verbal redirection to the zone itself, confirming the boundary is self-evident."
after,playground,movement,1.0,high,Both elements are present — children can clearly access the activity zone (visible path markers not required; minor adult presence in the path is acceptable as long as children get past) AND deliberat,"The activity is a group circle/song session. Yellow floor cushions provide clear, deliberate positioning. Multiple children access the zone freely throughout the session, including a late-arriving child who walks in unobstructed. No significant barriers or clutter are observed blocking access."
after,playground,clean_up,insufficient_evidence,low,,"The session is a group circle/song activity. No cleanup or material return occurs during the recording. While shelves and low furniture are briefly visible in the background, the camera never provides a clear view of storage labels, shelf heights relative to children, or any cleanup behavior. There is insufficient evidence to score this dimension reliably."
after,toy_design,purpose,0.5,medium,Some cues to purpose are present but the arrangement is mixed or partially staged; intent is unclear in parts,"The cushion arrangement provides a minimal spatial cue for group gathering, but the core activity (fruit song with movement and guided discussion) relies entirely on teacher verbal direction with no supporting materials, props, or visual aids staged at the zone. This is a teacher-led circle time where the activity's purpose is communicated through adult instruction rather than material arrangement. Scored 0.5 because the cushion layout does suggest 'sit together here' but does not communicate what the activity will be."
after,toy_design,anchor_and_choice_materials,0.5,medium,An anchor (single or multiple) is present but choice materials are limited; OR variety of materials exists but no anchor draws children in,"The anchor is clearly the teacher-led circle song/chant activity, which draws most children in. However, the activity relies entirely on gesture and verbal participation — there are no physical choice materials (tools, items, manipulatives) offered within the anchor. The room contains other materials (tunnel, tables, shelves) but these are not part of the anchor setup. The only 'choice' is verbal (naming a fruit), which is a partial indicator of flexible engagement but does not constitute choice materials as defined by the rubric."
after,toy_design,spark_curiosity,0,high,Activity area is purely functional with no curiosity hook — children would not have any 'what's that?' moment from what is at the activity itself,"The play tunnel and shelves mentioned in visuals are elsewhere in the room and not part of the circle activity zone, so they do not count per rubric rules. The activity itself is entirely song/chant-based with no physical materials or curiosity elements at the activity area."
after,toy_design,challenge_adjustment,0,high,Single fixed difficulty level — no variation possible without redesigning the activity,The activity is a uniform group song/chant. Child input (choosing a fruit) personalizes the content but does not alter difficulty. No tiered materials or extension options are visible or referenced.
after,toy_design,self_served,1.0,high,"All materials are, by DESIGN, safe, recognisable to children of the age range, and light enough for them to handle alone. The activity is designed for self-service even if teachers are observed helpin","The core activity is a body-movement song/chant requiring no physical materials beyond floor cushions. Surrounding environment materials (play tunnel, small tables, shelves) are all visibly child-scaled and independently accessed by children throughout the recording. No heavy, sharp, or unrecognisable items are evident in the design."
