activity,rubric,dimension,score,confidence,anchor_matched,scorer_notes
Floor painting,playground,narrative,insufficient_evidence,low,,"No transcript or visual observations were provided in the session record. The activity setup notes describe a floor painting activity (paper, paints, brushes) but provide no information about decor, props, framing, or any narrative/thematic elements. Without visual or audio evidence, the dimension cannot be reliably scored."
Floor painting,playground,multi_sensory,insufficient_evidence,low,,"No transcript or visual observations were provided in the session data. The activity notes describe a floor painting setup (paper, paints, brushes) which the rubric explicitly calls out as earning a 1.0 for engaging visual and tactile senses meaningfully. However, the scoring rules require at least one timestamped evidence piece from the transcript or visual observations, and neither is available. Returning insufficient_evidence rather than scoring from activity notes alone."
Floor painting,playground,boundary,insufficient_evidence,low,,"No transcript or visual observations were provided in the session record. The activity setup notes describe paper laid on the floor with paints and brushes, which would typically constitute a clear boundary (score 1.0), but without any timestamped visual observations or transcript to confirm this, the evidence is insufficient to assign a reliable score."
Floor painting,playground,movement,insufficient_evidence,low,,"No transcript or visual observations were provided in the session record. Despite the activity/setup notes describing a floor painting activity with paper laid on the floor, there is no timestamped visual or audio evidence to score against any indicator. Cannot assess access paths, child positioning, material reach, or obstruction without observable evidence."
Floor painting,playground,clean_up,insufficient_evidence,low,,"No transcript or visual observations were provided in the session record. Without any timestamped visual or audio evidence of the storage setup, labelling, item weight, or children returning materials, it is not possible to score this dimension reliably."
Floor painting,toy_design,purpose,insufficient_evidence,low,,"No transcript content and no visual observations were provided in the session record. Although the staff notes describe a floor painting setup (paper on floor with paints and brushes), the rubric requires at least one timestamped evidence piece from the transcript or visual observations to support a numeric score. Staff setup notes alone are not sufficient to verify what was actually observable in the recorded session."
Floor painting,toy_design,anchor_and_choice_materials,insufficient_evidence,low,,"No transcript or visual observations were provided in the evidence fields. The session metadata describes a floor painting activity with paper, paints, and brushes, which could potentially score well on this dimension, but without actual timestamped visual observations or transcript content, there is no verifiable evidence to score against the rubric indicators."
Floor painting,toy_design,spark_curiosity,insufficient_evidence,low,,"No transcript or visual observations were provided in the session data. Without any timestamped visual descriptions or audio content, it is impossible to assess whether a curiosity-sparking element was present at the activity area."
Floor painting,toy_design,challenge_adjustment,insufficient_evidence,low,,"No transcript or visual observations were provided in the session data. Without any timestamped scene descriptions or audio content, it is impossible to assess whether the setup included deliberate difficulty variations, tiered materials, or add-on extensions. Returning insufficient_evidence rather than guessing."
Floor painting,toy_design,self_served,insufficient_evidence,low,,"No transcript or visual observations were provided in the session data. The activity setup notes describe a floor painting activity with paper, paints, and brushes, which in principle could be child-manageable, but without any timestamped visual or audio evidence it is not possible to assess the actual materials' size, weight, safety features, or recognisability. Scoring would be guesswork."
Multi-sensory bins,playground,narrative,insufficient_evidence,low,,"No transcript or visual observations were provided in the session record. Without any timestamped visual descriptions or audio content, it is impossible to assess whether the space contains thematic decor, props, atmospheric anchors, or immersive framing. The activity setup notes describe multi-sensory bins but do not describe any narrative or scene-setting elements."
Multi-sensory bins,playground,multi_sensory,insufficient_evidence,low,,"No transcript or visual observations were provided in the session record. The activity/setup notes describe a multi-sensory bin setup, but staff notes alone are not scorable evidence — the rubric requires timestamped transcript or visual observation evidence. Returning insufficient_evidence."
Multi-sensory bins,playground,boundary,insufficient_evidence,low,,"No transcript or visual observations were provided in the session record. Without any timestamped visual or audio evidence, it is impossible to assess whether clear physical or visual boundaries are present for the sensory bin activity."
Multi-sensory bins,playground,movement,insufficient_evidence,low,,"No transcript or visual observations were provided in the session record. Without any timestamped visual descriptions or audio content, it is impossible to assess access paths, child positioning, material reach, or obstruction. Returning insufficient_evidence per scoring rules."
Multi-sensory bins,playground,clean_up,insufficient_evidence,low,,"No transcript or visual observations were provided in the session record. Without any timestamped visual or audio evidence, it is not possible to assess storage height, label design, item weight, or child-led cleanup behavior. Returning insufficient_evidence rather than guessing."
Multi-sensory bins,toy_design,purpose,insufficient_evidence,low,,"No transcript content and no visual observations were provided in the session record. Despite the staff activity notes describing multi-sensory bins, there is no timestamped visual or audio evidence from which to assess how materials were arranged or whether the setup communicated purpose to arriving children. Cannot score without observable evidence."
Multi-sensory bins,toy_design,anchor_and_choice_materials,insufficient_evidence,low,,"No transcript or visual observations were provided in the session record. The activity/setup notes describe multi-sensory bins with varied textures, sounds, colors, and scents, which would suggest multiple anchor stations and choice materials, but setup notes alone are not scorable evidence per the rubric requirements. Without timestamped visual observations or transcript content, a reliable score cannot be assigned."
Multi-sensory bins,toy_design,spark_curiosity,insufficient_evidence,low,,"No transcript or visual observations were provided in the session data. Despite the activity setup notes describing multi-sensory bins with varied textures, sounds, colors, and scents, there is no timestamped visual or audio evidence to evaluate what was actually present at the activity zone. Cannot score without observable evidence."
Multi-sensory bins,toy_design,challenge_adjustment,insufficient_evidence,low,,"No transcript or visual observations were provided in the session record. Without any timestamped audio or visual evidence, it is impossible to assess whether the multi-sensory bin setup includes deliberate difficulty variations, tiered materials, or add-on extensions. Returning insufficient_evidence per scoring rules."
Multi-sensory bins,toy_design,self_served,insufficient_evidence,low,,"No transcript content and no visual observations were provided in the session data. Without any visual or audio evidence of the materials, their size, weight, safety features, or recognisability, it is impossible to score the design of the materials against the self-served rubric."
Damru,playground,narrative,insufficient_evidence,low,,"No transcript or visual observations were provided for this session. Without any timestamped scene descriptions or dialogue, it is impossible to assess whether the space contained thematic decor, props, atmospheric anchors, or immersive framing. Returning insufficient_evidence rather than guessing."
Damru,playground,multi_sensory,insufficient_evidence,low,,No transcript or visual observations were provided for this session. Despite the activity notes describing a damru (traditional Indian drum) exploratory play setup — which would nominally suggest auditory and tactile engagement — there is no timestamped visual or audio evidence to confirm what was actually present or how children engaged. Cannot score without observable evidence.
Damru,playground,boundary,insufficient_evidence,low,,"No transcript or visual observations were provided for this session. Without any timestamped scene descriptions or audio content, it is impossible to assess whether a clear physical or visual boundary was present for the damru activity."
Damru,playground,movement,insufficient_evidence,low,,"No transcript content and no visual observations were provided in the session record. Without any timestamped visual or audio evidence, it is impossible to assess access paths, child positioning, space adequacy, or material reach for this activity."
Damru,playground,clean_up,insufficient_evidence,low,,"No transcript or visual observations were provided for this session. Without any timestamped scene descriptions or audio evidence, it is impossible to assess storage height, label design, item weight, or whether children can return materials unaided."
Damru,toy_design,purpose,insufficient_evidence,low,,"No transcript or visual observations were provided for this session. Without any timestamped scene descriptions or audio content, it is impossible to assess how materials were arranged at the activity zone or whether a child arriving could intuit the activity's purpose from the setup alone."
Damru,toy_design,anchor_and_choice_materials,insufficient_evidence,low,,"No transcript or visual observations were provided for this session. The activity notes mention a damru (traditional Indian drum) as the focal material, but without any timestamped visual or audio evidence, it is impossible to assess whether a clear anchor was present, what choice materials were available, or how children engaged. Returning insufficient_evidence rather than guessing from the activity description alone."
Damru,toy_design,spark_curiosity,insufficient_evidence,low,,"No transcript or visual observations were provided in the session data. While the activity notes mention a damru (a traditional Indian drum) which could potentially serve as a curiosity-sparking element for children unfamiliar with it, there is no actual observational evidence from the session to score against the rubric. Cannot score without at least one timestamped evidence piece."
Damru,toy_design,challenge_adjustment,insufficient_evidence,low,,"No transcript or visual observations were provided for this session. Without any timestamped scene descriptions or audio content, it is impossible to assess whether the setup included deliberate difficulty variations, tiered materials, or add-on extensions for the damru activity."
Damru,toy_design,self_served,insufficient_evidence,low,,"No transcript or visual observations were provided for this session. Without any timestamped scene descriptions or audio content, it is impossible to assess the design of the materials (safety, recognisability, weight, sizing) against the rubric indicators."
Nature sensory bin (1),playground,narrative,insufficient_evidence,low,,"No transcript or visual observations were provided for this session. The activity setup notes describe a 'nature sensory bin' with nature-themed materials, but setup notes alone are insufficient to score the narrative dimension — no visual evidence of decor, props, arrangement, or atmospheric anchors is available to assess immersive framing."
Nature sensory bin (1),playground,multi_sensory,insufficient_evidence,low,,"No transcript content and no visual observations were provided. Despite the activity notes describing a 'nature sensory bin' with 'nature-themed materials in containers' — which would typically suggest multi-sensory engagement — there is no timestamped visual or audio evidence to score against. Cannot confirm what materials were present, how they were arranged, or how children engaged with them."
Nature sensory bin (1),playground,boundary,insufficient_evidence,low,,"No transcript or visual observations were provided for this session. Without any timestamped visual or audio evidence, it is impossible to assess whether a clear physical or visual boundary exists for the sensory bin activity."
Nature sensory bin (1),playground,movement,insufficient_evidence,low,,"No transcript or visual observations were provided for this session. Without any timestamped scene descriptions or audio content, it is impossible to assess unobstructed access, child positioning, material reach, or any other movement indicator."
Nature sensory bin (1),playground,clean_up,insufficient_evidence,low,,"No transcript or visual observations were provided for this session. Without any observable evidence of storage height, labelling, item weight, or children returning materials, it is not possible to score this dimension."
Nature sensory bin (1),toy_design,purpose,insufficient_evidence,low,,"No transcript or visual observations were provided in the session record. Despite the staff notes describing a nature sensory bin setup, there is no timestamped visual or audio evidence to assess how materials were arranged or whether the setup communicated purpose to arriving children."
Nature sensory bin (1),toy_design,anchor_and_choice_materials,insufficient_evidence,low,,"No transcript or visual observations were provided for this session. The activity notes describe a 'nature sensory bin' with 'nature-themed materials in containers,' which suggests an anchor and potentially choice materials, but without actual visual or audio evidence from the recording, no reliable score can be assigned."
Nature sensory bin (1),toy_design,spark_curiosity,insufficient_evidence,low,,"No transcript or visual observations were provided for this session. Without any timestamped scene descriptions or dialogue, it is impossible to assess whether a curiosity-sparking element was present at the activity area."
Nature sensory bin (1),toy_design,challenge_adjustment,insufficient_evidence,low,,"No transcript or visual observations were provided for this session. Without any timestamped scene descriptions or audio content, it is impossible to assess whether the setup includes deliberate difficulty variations, tiered materials, or add-on extensions."
Nature sensory bin (1),toy_design,self_served,insufficient_evidence,low,,"No transcript or visual observations were provided for this session. Without any timestamped scene descriptions or audio content, it is impossible to assess the design of the materials for child self-service."
Sand play,playground,narrative,insufficient_evidence,low,,"No transcript or visual observations were provided for this session. Without any observable evidence of the space's decor, props, arrangement, or framing, it is impossible to assess whether a narrative or immersive context was established."
Sand play,playground,multi_sensory,insufficient_evidence,low,,"No transcript or visual observations were provided. While the activity notes describe a sand play setup — which would typically engage tactile, visual, and proprioceptive senses — there is no observable evidence from the session itself to score against the rubric. Cannot confirm what materials were present, how they were arranged, or how children engaged with them."
Sand play,playground,boundary,insufficient_evidence,low,,"No transcript or visual observations were provided in the session record. Without any timestamped visual descriptions or audio content, it is impossible to assess whether a clear physical or visual boundary exists for the sand play activity."
Sand play,playground,movement,insufficient_evidence,low,,"No transcript or visual observations were provided for this session. Without any timestamped scene descriptions or audio content, it is impossible to assess access paths, child positioning, space adequacy, or material reach for the sand play activity."
Sand play,playground,clean_up,insufficient_evidence,low,,"No transcript or visual observations were provided for this session. Without any observable evidence of storage height, labelling, item weight, or cleanup behavior, it is not possible to score this dimension reliably."
Sand play,toy_design,purpose,insufficient_evidence,low,,"No transcript or visual observations were provided in the session record. Without any timestamped visual descriptions of the material arrangement or audio evidence, it is impossible to assess whether the setup communicates its purpose to arriving children."
Sand play,toy_design,anchor_and_choice_materials,insufficient_evidence,low,,"No transcript or visual observations were provided in the session record. Despite the activity notes describing a sand play setup, there is no timestamped visual or audio evidence to assess the presence of anchor materials or choice materials. Cannot score without observable evidence."
Sand play,toy_design,spark_curiosity,insufficient_evidence,low,,"No transcript or visual observations were provided for this session. Without any timestamped scene descriptions or dialogue, it is impossible to assess whether a curiosity-sparking element was present at the activity area."
Sand play,toy_design,challenge_adjustment,insufficient_evidence,low,,"No transcript or visual observations were provided for this session. Without any timestamped scene descriptions or audio content, it is impossible to assess whether the sand play setup included deliberate difficulty variations, tiered materials, or extension add-ons."
Sand play,toy_design,self_served,insufficient_evidence,low,,"No transcript or visual observations were provided in the session data. Without any timestamped scene descriptions or audio content, it is impossible to assess the design of the materials for child self-service. Returning insufficient_evidence."
Nature sensory bin (HRBR),playground,narrative,insufficient_evidence,low,,"No transcript or visual observations were provided in the session record. Despite the activity notes describing a 'nature sensory bin' with imaginative role play and nature/home themes, there is no observable evidence (visual or audio) to score against the rubric indicators. Cannot assess decor, props, atmospheric anchors, or immersive framing without actual session content."
Nature sensory bin (HRBR),playground,multi_sensory,insufficient_evidence,low,,"No transcript content and no visual observations were provided in the session record. Despite the activity notes describing a nature sensory bin with imaginative role play and sensory exploration, there is no timestamped visual or audio evidence available to score against the rubric indicators. Cannot reliably assess which senses were engaged without observable evidence."
Nature sensory bin (HRBR),playground,boundary,insufficient_evidence,low,,"No transcript or visual observations were provided in the session record. Without any timestamped visual or audio evidence, it is impossible to assess whether a clear physical or visual boundary exists for the activity zone."
Nature sensory bin (HRBR),playground,movement,insufficient_evidence,low,,"No transcript content and no visual observations were provided in the session data. Without any timestamped visual or audio evidence, it is impossible to assess access paths, child positioning, material reach, or obstruction. Returning insufficient_evidence."
Nature sensory bin (HRBR),playground,clean_up,insufficient_evidence,low,,"No transcript or visual observations were provided in the session record. Without any timestamped visual or audio evidence of the storage setup, labelling, item weight, or shelf height, it is not possible to score this dimension reliably."
Nature sensory bin (HRBR),toy_design,purpose,insufficient_evidence,low,,"No transcript or visual observations were provided in the session record. Without any timestamped visual descriptions of the material arrangement or audio evidence, it is impossible to assess whether the setup communicates its purpose to an arriving child."
Nature sensory bin (HRBR),toy_design,anchor_and_choice_materials,insufficient_evidence,low,,"No transcript or visual observations were provided in the session record. Despite the activity notes describing a nature sensory bin with imaginative role play and sensory exploration, there is no timestamped visual or audio evidence to score against the rubric indicators."
Nature sensory bin (HRBR),toy_design,spark_curiosity,insufficient_evidence,low,,"No transcript or visual observations were provided in the session data. Without any timestamped visual descriptions or audio content, it is impossible to assess whether a curiosity-sparking element exists at the activity area."
Nature sensory bin (HRBR),toy_design,challenge_adjustment,insufficient_evidence,low,,"No transcript or visual observations were provided in the session record. Without any observable evidence of the setup, materials, or activity structure, it is not possible to score this dimension."
Nature sensory bin (HRBR),toy_design,self_served,insufficient_evidence,low,,"No transcript or visual observations were provided in the session record. Without any timestamped scene descriptions or audio content, it is impossible to assess the design of the materials for child self-service."
Water play,playground,narrative,0.5,medium,Some context-setting elements present (a prop or partial theme) but immersion is weak or incomplete across the space,"The underwater-themed cutouts on the back wall establish a partial narrative context, but the central play area (white bins, generic buckets, plain floor) is presented as a utility setup without deliberate scene-setting that ties the water play activity to the ocean theme. The theme is present but not immersive across the space."
Water play,playground,multi_sensory,1.0,high,Two or more senses are meaningfully engaged through deliberate material and arrangement choices,"Transcript is uninformative (repeated 'Oh, oh, oh' utterances), but visual observations clearly document a water play setup with multiple sensory modalities: tactile (water, scoops, toys), visual (colorful toys, underwater-themed decor), and proprioceptive (stairs, kneeling, movement). The setup notes also confirm deliberate design intent around water-based exploratory play."
Water play,playground,boundary,1.0,high,"At least one clear, unambiguous activity boundary — a canvas, paper, mat, rug, table, low fence, or similar marker visually defines the zone. A single well-defined zone is sufficient for this score.","The play area is a fully enclosed room accessed by stairs, with a glass barrier separating it from an observation area above. The white bins serve as focal activity markers within the already well-bounded space. The transcript is uninformative (repeated 'Oh, oh, oh' utterances), but visual evidence is sufficient and consistent."
Water play,playground,movement,0.5,medium,"Either clear unobstructed access OR clear positioning is present, but not both. Or one is partial (e.g. some access but adults visibly blocking parts of the path).","The activity zone itself (bins centrally placed, open floor space, children standing/kneeling at bins) shows clear positioning suited to the activity. However, access is via a staircase rather than an open floor path, and an adult is visibly seated on the stairs during the session, partially obstructing the only entry route. This combination supports a 0.5 — positioning is present but access is partially obstructed."
Water play,playground,clean_up,insufficient_evidence,low,,"The session recording covers only the setup and active play phases; no cleanup sequence is observed. The transcript provides no usable content (only repeated 'Oh, oh, oh' utterances). Visual observations show white bins at floor level and blue buckets, but no storage labelling, return locations, or cleanup activity is visible. There is insufficient evidence to assess whether the design supports child-led cleanup — no labels, silhouettes, or organized return spots are described, and no cleanup behavior is captured."
Water play,toy_design,purpose,1.0,high,The activity's purpose is obvious from the setup alone — materials are arranged in a way that a child arriving can intuit what to do. Explicit labels are not required.,"The transcript is uninformative (repeated 'Oh, oh, oh' utterances), but the visual observations provide clear and converging evidence. The setup — bins with small toys, buckets, and an underwater-themed backdrop — unambiguously communicates water play to arriving children. No adult instruction was needed for children to begin engaging."
Water play,toy_design,anchor_and_choice_materials,1.0,high,At least one clear anchor draws children in (a single strong centerpiece OR multiple equally-weighted anchor stations) AND there is a variety of choice materials within or around the anchor(s) that al,"The transcript is uninformative (repetitive 'Oh, oh, oh' utterances), but the visual observations clearly establish multiple anchor stations (four bins plus two buckets) with a variety of choice materials (scoops, small colorful toys, buckets) supporting flexible engagement. The setup notes also confirm containers, buckets, scoops, and small toys for pouring and transferring."
Water play,toy_design,spark_curiosity,0.5,medium,Some interesting elements are present at the activity area but they don't clearly stand out as a deliberate curiosity hook,"The transcript is uninformative (repeated 'Oh, oh, oh' utterances). The underwater-themed decoration is on the back wall/glass barrier and does not count per rubric rules. The activity zone itself has colorful small toys in bins and buckets — interesting but familiar water-play materials that don't clearly constitute a deliberate curiosity hook. A 0.5 is warranted as there are some interesting elements but no clearly surprising or mysterious centerpiece at the activity setup itself."
Water play,toy_design,challenge_adjustment,0,medium,Single fixed difficulty level — no variation possible without redesigning the activity,"The transcript is uninformative (repeated 'Oh, oh, oh' utterances). Visual observations show a single-level water play setup with uniform bins and two buckets — no tiered materials, no visible extensions, no staged progression. The variety of container sizes (bins vs. buckets) could theoretically allow some self-pacing, but there is no evidence this was deliberately staged as a difficulty gradient. Scoring 0 per the anchor: single fixed difficulty level."
Water play,toy_design,self_served,1.0,medium,"All materials are, by DESIGN, safe, recognisable to children of the age range, and light enough for them to handle alone. The activity is designed for self-service even if teachers are observed helpin","The transcript is uninformative (repeated 'Oh, oh, oh' utterances). Scoring relies entirely on visual observations. The bins appear to be low, shallow, and filled with small toys and water — all consistent with child-self-service design. The blue buckets appear to be standard small plastic buckets. No heavy equipment or safety hazards are visible. Confidence is medium rather than high because camera distance limits precise assessment of bin depth/weight and exact toy sizes."
